City,Cloudiness,Country,Date,Humidity,Lat,Lng,Max Temp,Wind Speed
tuktoyaktuk,100,CA,1585065359,95,69.45,-133.04,5.34,4.94
port hardy,75,CA,1585065361,100,50.7,-127.42,33.8,2.24
katsuura,20,JP,1585065362,48,35.13,140.3,44.6,16.11
lagoa,100,PT,1585065363,67,39.05,-27.98,54.3,27.72
kodiak,40,US,1585065364,36,57.79,-152.41,46.4,8.05
atuona,98,PF,1585065365,71,-9.8,-139.03,82.56,9.98
jamestown,90,US,1585065366,93,42.1,-79.24,39.2,2.59
mataura,83,NZ,1585065368,84,-46.19,168.86,53.01,8.01
wasilla,40,US,1585065369,74,61.58,-149.44,28.4,3.62
albany,90,US,1585065370,92,42.6,-73.97,39.99,5.82
arman,0,RU,1585065371,88,59.7,150.17,21,6.53
tasiilaq,75,GL,1585065372,79,65.61,-37.64,26.6,5.82
gat,20,IL,1585065241,77,31.61,34.76,66,8.05
hilo,1,US,1585065374,77,19.73,-155.09,66.99,8.05
tebingtinggi,40,ID,1585065376,88,3.33,99.16,82.4,6.93
taolanaro,,,,,,,,
busselton,0,AU,1585065377,32,-33.65,115.33,71.01,11.16
palestine,20,PS,1585065383,77,31.92,35.2,66,8.05
grand-lahou,100,CI,1585065384,81,5.14,-5.02,80.58,13.94
rikitea,100,PF,1585065385,75,-23.12,-134.97,78.06,6.55
punta arenas,40,CL,1585065386,57,-53.15,-70.92,48.2,18.34
port elizabeth,76,ZA,1585065207,53,-33.92,25.57,71.6,16.11
fidenza,20,IT,1585065389,50,44.86,10.07,54,8.05
omboue,62,GA,1585065390,69,-1.57,9.26,86.34,7.78
vaitupu,,,,,,,,
viligili,,,,,,,,
sisimiut,100,GL,1585064966,92,66.94,-53.67,12.18,13.2
hobart,90,AU,1585065392,71,-42.88,147.33,53.6,6.93
marcona,,,,,,,,
port alfred,100,ZA,1585065394,79,-33.59,26.89,68,4
cape town,0,ZA,1585065243,64,-33.93,18.42,75,19.46
north bend,90,US,1585065396,93,43.41,-124.22,43,9.17
veraval,0,IN,1585065397,51,20.9,70.37,78.78,9.64
tunduru,,,,,,,,
bluff,95,NZ,1585065398,84,-46.6,168.33,53.01,8.01
aklavik,90,CA,1585064838,72,68.22,-135.01,17.6,3.36
avarua,93,CK,1585065401,94,-21.21,-159.78,77,3.36
pacific grove,90,US,1585064828,87,36.62,-121.92,53.01,7.83
nanortalik,0,GL,1585065403,66,60.14,-45.24,27.12,21.36
hun,44,LY,1585065404,21,29.13,15.95,79.14,15.17
hithadhoo,27,MV,1585065405,74,-0.6,73.08,84,10.85
rawson,54,AR,1585064623,51,-43.3,-65.1,69.06,17.05
puerto ayora,75,EC,1585065407,78,-0.74,-90.35,80.6,9.17
victoria,20,HK,1585065152,73,22.29,114.16,73.4,13.87
riyadh,98,SA,1585065386,15,24.69,46.72,78.8,5.82
butaritari,100,KI,1585065411,79,3.07,172.79,83.46,22.53
muli,25,MV,1585065412,66,2.92,73.57,84,8.08
koslan,96,RU,1585065413,84,63.46,48.9,27.84,8.7
phayakkhaphum phisai,27,TH,1585065414,42,15.52,103.19,87.96,5.66
tuma,100,RU,1585065415,40,55.15,40.55,37,4
hermanus,0,ZA,1585065417,74,-34.42,19.23,80.01,4
thompson,90,CA,1585065333,57,55.74,-97.86,23,2.24
mahadday weyne,,,,,,,,
tiksi,45,RU,1585065419,96,71.69,128.87,-23.82,3.53
vaini,20,TO,1585065420,94,-21.2,-175.2,75.2,3.36
ostrovnoy,100,RU,1585065421,84,68.05,39.51,31.08,30.6
souillac,75,MU,1585065422,78,-20.52,57.52,80.6,11.41
torbay,90,CA,1585065424,80,47.67,-52.73,34,18.34
coquimbo,20,CL,1585065425,77,-29.95,-71.34,64.4,14.99
garden city,90,US,1585065426,71,42.33,-83.33,41,8.05
mar del plata,33,AR,1585065160,78,-38,-57.56,82.99,11.41
abu samrah,0,SY,1585065428,43,35.3,37.18,67.62,5.97
mount gambier,90,AU,1585065429,87,-37.83,140.77,44.6,3.58
baghdad,67,IQ,1585065172,33,33.34,44.4,73.4,8.05
kununurra,100,AU,1585065431,74,-15.77,128.73,84.2,9.17
yellowknife,20,CA,1585065390,76,62.46,-114.35,-11,9.17
grand centre,,,,,,,,
te anau,39,NZ,1585065434,80,-45.42,167.72,46.56,7.43
cockburn town,0,TC,1585065435,69,21.46,-71.14,76.26,14.52
stoyba,,,,,,,,
arraial do cabo,40,BR,1585065436,61,-22.97,-42.03,78.8,8.05
dikson,94,RU,1585065437,96,73.51,80.55,16.86,8.5
longyearbyen,75,SJ,1585065439,85,78.22,15.64,24.8,2.24
balkanabat,100,TM,1585065440,38,39.51,54.37,55.74,5.79
klaksvik,100,FO,1585065441,100,62.23,-6.59,39.2,6.93
maluso,75,PH,1585065442,83,6.54,121.88,78.8,2.24
broome,90,US,1585065443,88,42.25,-75.83,39,9.17
lang suan,33,TH,1585065444,89,9.95,99.08,76.08,3.49
zhigansk,97,RU,1585065445,93,66.77,123.37,-16.98,8.23
samusu,,,,,,,,
barentsburg,,,,,,,,
port augusta,90,AU,1585065243,93,-32.5,137.77,60.8,10.29
san vicente,0,AR,1585065448,29,-26.62,-54.13,84,3.4
nizhneyansk,,,,,,,,
okhotsk,99,RU,1585065449,90,59.38,143.3,12.9,1.92
saint-philippe,100,RE,1585065451,83,-21.36,55.77,77,24.16
kralendijk,75,BQ,1585065452,62,12.15,-68.27,86,17.22
alofi,19,NU,1585065453,94,-19.06,-169.92,75.2,2.24
kalmunai,0,LK,1585065454,71,7.42,81.82,82.92,10.87
faanui,1,PF,1585065455,70,-16.48,-151.75,82.92,5.03
ponta do sol,75,PT,1585065456,72,32.67,-17.1,62.6,9.17
eldikan,,,,,,,,
pevek,100,RU,1585065458,87,69.7,170.31,5.16,7.38
provideniya,100,RU,1585065459,98,64.38,-173.3,21.72,2.48
cidreira,0,BR,1585065410,77,-30.18,-50.21,72.66,20.42
ushuaia,75,AR,1585065373,81,-54.8,-68.3,42.8,18.34
hofn,67,IS,1585064999,60,64.25,-15.21,39.36,20.4
isangel,46,VU,1585065463,94,-19.55,169.27,73.4,1.12
port hedland,0,AU,1585065464,70,-20.32,118.57,84.2,10.29
kapaa,90,US,1585065242,56,22.08,-159.32,73.4,17.22
alugan,0,PH,1585065467,84,12.22,125.48,78.24,12.75
abu dhabi,40,AE,1585065371,53,24.47,54.37,73,13.87
rio grande,40,BR,1585065380,62,-32.03,-52.1,84.2,16.11
norman wells,90,CA,1585065473,84,65.28,-126.83,8.6,4.7
leh,83,IN,1585065474,91,34.17,77.58,14.88,5.93
airai,56,TL,1585065475,88,-8.93,125.41,65.1,3.36
temaraia,,,,,,,,
saskylakh,0,RU,1585065477,85,71.92,114.08,-15.9,8.28
mwinilunga,100,ZM,1585065478,89,-11.74,24.43,71.94,3.38
machico,75,PT,1585065479,72,32.7,-16.77,64.4,9.17
sorsk,70,RU,1585065480,96,54,90.25,0.66,3.09
krasnokamensk,100,RU,1585065481,97,50.1,118.04,30.36,4.61
necochea,0,AR,1585065482,51,-38.55,-58.74,91,11.01
mahebourg,75,MU,1585065484,78,-20.41,57.7,80.6,11.41
shingu,0,JP,1585065485,59,33.73,135.98,47.28,11.3
vardo,40,NO,1585065486,80,70.37,31.11,37.4,29.97
castro,0,BR,1585065487,48,-24.79,-50.01,72.48,6.8
neiafu,20,TO,1585065488,100,-18.65,-173.98,71.6,8.19
alto araguaia,17,BR,1585065218,67,-17.31,-53.22,80.94,7.38
kidodi,100,TZ,1585065491,93,-7.6,37,72.12,4.36
bredasdorp,0,ZA,1585065415,49,-34.53,20.04,73.4,8.05
parati,40,BR,1585065493,57,-23.22,-44.71,78.8,4.7
attawapiskat,,,,,,,,
mys shmidta,,,,,,,,
vila velha,40,BR,1585065494,61,-20.33,-40.29,80.6,14.99
mamaku,16,NZ,1585065495,90,-38.1,176.08,52,3.11
salalah,88,OM,1585065497,54,17.02,54.09,80.6,5.82
illoqqortoormiut,,,,,,,,
faya,40,SA,1585065498,68,18.39,42.45,64.4,11.41
hailar,100,CN,1585065499,81,49.2,119.7,36.84,11.63
sakaiminato,75,JP,1585065500,75,35.55,133.23,41,5.82
clyde river,90,CA,1585065501,83,70.47,-68.59,-4,2.46
razole,0,IN,1585065503,77,16.48,81.83,78.42,4.38
stokmarknes,39,NO,1585065504,72,68.56,14.91,43,8.99
samarai,100,PG,1585065505,91,-10.62,150.67,76.98,1.99
new norfolk,90,AU,1585065506,71,-42.78,147.06,53.6,6.93
sorokino,16,RU,1585065507,89,53.75,84.92,5.34,5.23
tautira,62,PF,1585065509,78,-17.73,-149.15,77,3.36
zhezkazgan,0,KZ,1585065510,88,47.8,67.71,20.1,18.45
sentyabrskiy,,,,,,,,
killybegs,75,IE,1585065511,76,54.63,-8.45,53.6,14.99
asfi,60,MA,1585065389,51,32.3,-9.24,65.1,15.21
dongsheng,46,CN,1585065514,46,39.82,109.98,49.62,8.97
fortuna,90,US,1585065515,100,40.6,-124.16,44.6,4.03
atambua,67,ID,1585065044,84,-9.11,124.89,73.38,4.12
pinsk,0,BY,1585065517,40,52.12,26.1,36.48,7.02
juneau,20,US,1585065316,85,58.3,-134.42,28.99,3.49
kiama,100,AU,1585064964,100,-34.68,150.87,68,14.29
hambantota,20,LK,1585065521,88,6.12,81.12,80.6,6.93
cherskiy,0,RU,1585065522,87,68.75,161.3,4.26,5.41
richards bay,0,ZA,1585065523,82,-28.78,32.04,79.14,18.34
laguna,40,US,1585065524,87,38.42,-121.42,52,3.36
kargasok,100,RU,1585065525,92,59.06,80.86,24.06,12.55
ancud,20,CL,1585065526,88,-41.87,-73.82,62.6,8.05
banda aceh,0,ID,1585065527,83,5.56,95.32,74.82,4.32
ravar,67,IR,1585065529,53,31.27,56.81,53.04,9.48
bataipora,0,BR,1585065530,47,-22.3,-53.27,83.1,7.14
lebu,87,CL,1585065531,81,-37.62,-73.65,66.18,4.76
touros,40,BR,1585065532,59,-5.2,-35.46,89.6,11.41
arnstadt,0,DE,1585065533,28,50.83,10.95,48,10.29
glace bay,90,CA,1585065534,96,46.2,-59.96,34,11.41
sitka,1,US,1585065535,63,57.05,-135.33,30.2,5.61
kolpny,0,RU,1585065537,49,52.23,37.04,32.52,7.58
fort saint james,80,CA,1585065538,87,54.43,-124.25,6.6,1.66
apiai,49,BR,1585065539,51,-24.51,-48.84,75,5.7
vasterhaninge,100,SE,1585065540,33,59.12,18.1,46.4,11.41
upernavik,89,GL,1585065541,62,72.79,-56.15,3,8.32
olafsvik,85,IS,1585065542,83,64.89,-23.71,34.68,8.39
dalvik,20,IS,1585065544,55,65.97,-18.53,37.4,26.4
jaciara,6,BR,1585065545,70,-15.97,-54.97,85.26,3.58
linxia,0,CN,1585065546,42,35.6,103.21,47.1,5.23
georgetown,20,MY,1585065431,78,5.41,100.34,82.4,3.36
pinar del rio,0,CU,1585065492,55,22.42,-83.7,81.84,7.2
barrow,75,US,1585065375,84,71.29,-156.79,3.2,6.93
kavaratti,0,IN,1585065550,67,10.57,72.64,83.46,3.29
fare,0,PF,1585065552,69,-16.7,-151.02,82.92,4.59
hasaki,20,JP,1585065553,59,35.73,140.83,37.4,3.36
malwan,,,,,,,,
port hawkesbury,90,CA,1585065554,100,45.62,-61.35,35.01,14.99
cayenne,75,GF,1585065360,88,4.93,-52.33,78.8,9.17
planeta rica,1,CO,1585065556,56,8.41,-75.59,87.42,6.89
tilichiki,100,RU,1585065557,98,60.47,166.1,29.1,3.31
akureyri,20,IS,1585065559,55,65.68,-18.09,37.4,26.4
svetlyy,13,RU,1585065560,48,54.67,20.13,39.2,6.71
khatanga,100,RU,1585065561,96,71.97,102.5,-0.42,8.43
pitimbu,75,BR,1585065562,62,-7.47,-34.81,89.6,6.93
lorengau,100,PG,1585065563,83,-2.02,147.27,82.2,21.88
palmer,75,US,1585065328,60,42.16,-72.33,48,11.41
rongcheng,66,CN,1585065565,88,30.63,117.85,60.78,3.15
foix,42,FR,1585065567,64,42.83,1.58,60.01,1.01
oskemen,0,KZ,1585065568,72,49.96,82.61,17.6,11.18
lahij,24,YE,1585065569,60,13.17,44.58,84.36,8.79
nova role,0,CZ,1585065570,29,50.27,12.78,45,12.75
westport,1,US,1585065425,65,41.14,-73.36,48,11.41
honiara,20,SB,1585065572,94,-9.43,159.95,77,2.24
karamea,,,,,,,,
tommot,50,RU,1585065574,92,58.96,126.29,7.86,2.59
quatre cocos,75,MU,1585065575,78,-20.21,57.76,80.6,11.41
esperance,2,AU,1585065576,82,-33.87,121.9,62.6,12.75
sinnamary,17,GF,1585065577,77,5.38,-52.95,80.94,13.98
naron,20,ES,1585065578,55,43.52,-8.15,66.2,5.82
xingyi,0,CN,1585065579,70,24.19,102.82,57.54,4.27
chuy,0,UY,1585065581,57,-33.7,-53.46,80.22,10.51
nagyatad,100,HU,1585065582,44,46.23,17.36,41,16.11
tromso,75,NO,1585065583,69,69.65,18.96,39.2,23.04
ransang,63,PH,1585065584,78,8.96,117.58,80.58,6.62
husavik,20,IS,1585065585,55,66.04,-17.34,37.4,26.4
awjilah,1,LY,1585065586,28,29.11,21.29,75.9,9.66
valparaiso,0,CL,1585065441,56,-33.04,-71.63,68,6.93
namatanai,89,PG,1585065591,73,-3.67,152.43,83.1,3.44
bethel,40,US,1585065592,75,41.37,-73.41,46.99,10.27
inuvik,90,CA,1585065594,78,68.35,-133.72,17.6,2.24
puteyets,100,RU,1585065595,88,65.17,57.09,27.66,9.6
sao filipe,60,CV,1585065596,74,14.9,-24.5,68.52,15.82
vestmannaeyjar,75,IS,1585065597,86,63.44,-20.27,37.4,28.86
bengkulu,100,ID,1585065598,91,-3.8,102.27,75.54,2.51
ilulissat,75,GL,1585065599,52,69.22,-51.1,15.8,10.29
ozernovskiy,69,RU,1585065600,88,51.5,156.52,35.94,8.99
leningradskiy,99,RU,1585065602,94,69.38,178.42,13.26,5.79
bereda,20,ES,1585065603,55,43.27,-7.54,69.01,5.82
coihaique,75,CL,1585065028,67,-45.58,-72.07,59,3.36
boa vista,40,BR,1585065601,41,2.82,-60.67,93.2,13.87
falealupo,,,,,,,,
port blair,0,IN,1585065429,74,11.67,92.75,81.66,12.59
ewa beach,20,US,1585065608,49,21.32,-158.01,75.2,18.34
palabuhanratu,,,,,,,,
buenos aires,0,AR,1585065367,58,-34.61,-58.38,89.01,11.41
bubaque,100,GW,1585065610,49,11.28,-15.83,79.5,11.01
chokurdakh,99,RU,1585065612,77,70.63,147.92,1.56,3.04
la mesa,1,US,1585065587,76,32.77,-117.02,60.01,3.2
jojoima,95,SL,1585065396,53,7.88,-10.79,88.5,3.47
bograd,7,RU,1585065615,66,54.23,90.83,10.4,4.47
tiznit,87,MA,1585065616,74,29.58,-9.5,53.58,23.94
sinkat,,,,,,,,
portland,90,US,1585065484,75,45.52,-122.68,44.6,4.7
bambanglipuro,100,ID,1585065619,93,-7.95,110.28,75.18,5.28
oussouye,100,SN,1585065620,61,12.48,-16.55,95,9.17
severo-kurilsk,100,RU,1585065621,98,50.68,156.12,33.24,14.25
margate,26,GB,1585065622,40,51.38,1.39,54,8.05
poum,0,NC,1585065623,75,-20.23,164.02,78.42,22.7
kadykchan,,,,,,,,
nyurba,8,RU,1585065625,97,63.28,118.33,-11.76,2.35
constitucion,86,CL,1585065626,68,-35.33,-72.42,66.72,4.27
ribeira grande,100,PT,1585065627,71,38.52,-28.7,51.06,21.83
bangassou,98,CF,1585065633,32,4.74,22.82,94.26,1.3
taos,75,US,1585065634,64,36.41,-105.57,39.2,17.22
voh,0,NC,1585065635,81,-20.97,164.7,74.46,11.5
maragogi,71,BR,1585065636,76,-9.01,-35.22,82.92,10.47
nguruka,57,TZ,1585065638,75,-5.11,31.04,78.06,3.6
nikolskoye,68,RU,1585065639,60,59.7,30.79,39.99,15.66
deputatskiy,100,RU,1585065640,95,69.3,139.9,2.82,3.31
mabaruma,16,GY,1585065641,52,8.2,-59.78,88.68,5.77
mergui,,,,,,,,
piripiri,66,BR,1585065642,65,-4.27,-41.78,87.78,4.36
port antonio,20,JM,1585065531,54,18.18,-76.46,84.2,5.82
iskateley,100,RU,1585065645,86,67.68,53.15,26.76,15.08
meulaboh,88,ID,1585065646,72,4.14,96.13,85.44,6.4
santa luzia,75,BR,1585065647,57,-19.77,-43.85,77,8.05
hualmay,19,PE,1585065648,59,-11.1,-77.61,78.24,7.81
takoradi,100,GH,1585065489,92,4.88,-1.76,75.18,6.69
washington,1,US,1585065632,74,47.5,-120.5,37.99,5.82
novyy urengoy,49,RU,1585065652,90,66.08,76.63,28.2,20.54
yanam,0,IN,1585065653,62,16.73,82.22,86,6.93
villa altagracia,75,DO,1585065654,69,18.67,-70.17,84,11.41
constanza,0,DE,1585065655,38,47.66,9.18,48,17.22
liverpool,20,GB,1585065417,63,53.41,-2.98,64.99,16.11
griffith,40,US,1585065657,75,41.53,-87.42,43,12.75
qaanaaq,75,GL,1585065658,75,77.48,-69.36,-4.2,8.68
jiayuguan,100,CN,1585065660,33,39.82,98.3,44.58,10.54
say,92,NE,1585065661,30,13.1,2.37,96.8,14.99
kazalinsk,,,,,,,,
taoudenni,1,ML,1585065662,15,22.68,-3.98,81.66,22.41
bolnisi,20,GE,1585065667,54,41.45,44.54,59,4.7
cairns,75,AU,1585065629,83,-16.92,145.77,77,10.29
whakatane,38,NZ,1585065669,93,-37.96,176.99,48.99,3
great yarmouth,42,GB,1585065670,54,52.61,1.73,53.6,11.41
aginskoye,33,RU,1585065671,76,51.1,114.53,35.76,8.14
mocuba,8,MZ,1585065672,79,-16.84,36.99,81.66,5.08
puri,20,IN,1585065613,88,19.8,85.85,78.8,2.24
vilcun,75,CL,1585065675,88,-38.65,-72.23,66.99,3.36
grabouw,0,ZA,1585065676,64,-34.15,19.02,73,19.46
rio gallegos,20,AR,1585065677,61,-51.62,-69.22,50,20.8
east london,75,ZA,1585065678,73,-33.02,27.91,69.8,9.17
pascagoula,20,US,1585065679,69,30.37,-88.56,80.6,9.17
saleaula,,,,,,,,
phan rang,,,,,,,,
palatka,75,US,1585065681,50,29.65,-81.64,82.4,6.93
bara,49,NG,1585065682,19,10.37,10.73,102,2.68
disna,81,BY,1585065683,47,55.57,28.2,36.3,5.28
maceio,75,BR,1585065602,66,-9.67,-35.74,89.6,4.7
umm lajj,0,SA,1585065686,18,25.02,37.27,85.08,8.23
parainen,100,FI,1585065687,60,60.31,22.3,39.2,13.87
cacule,100,BR,1585065688,93,-14.5,-42.22,66.54,4.61
atbasar,0,KZ,1585065681,87,51.8,68.33,10.92,5.28
pishva,75,IR,1585065693,54,35.31,51.73,57.2,6.93
kungurtug,100,RU,1585065694,97,50.6,97.52,1.56,3.42
luwuk,100,ID,1585065695,74,-0.95,122.79,81.66,3.09
turtas,17,RU,1585065696,87,58.94,69.13,24.06,8.95
waipawa,0,NZ,1585065698,87,-41.41,175.52,50,8.05
amderma,,,,,,,,
kusk,,,,,,,,
pionerskiy,0,RU,1585065699,48,54.95,20.23,39.2,6.71
xining,3,CN,1585065700,32,36.62,101.77,44.4,4.97
batagay,100,RU,1585065701,97,67.63,134.63,7.14,5.06
vanimo,100,PG,1585065703,78,-2.67,141.3,81.12,5.3
tsihombe,,,,,,,,
bargal,,,,,,,,
seydi,100,TM,1585065704,62,39.48,62.91,59.7,10.36
pokanayevka,,,,,,,,
muravlenko,100,RU,1585065705,88,63.79,74.52,27.84,21.14
wahran,,,,,,,,
barra patuca,0,HN,1585065706,76,15.8,-84.28,79.86,13.22
seoul,1,KR,1585065479,60,37.57,126.98,46.4,1.88
inhambane,100,MZ,1585065709,79,-23.86,35.38,80.22,13.2
kandrian,100,PG,1585065710,96,-6.22,149.55,74.82,1.14
carnarvon,0,AU,1585065711,94,-24.87,113.63,80.6,6.93
kampot,20,KH,1585065713,88,10.62,104.18,82.4,1.12
san quintin,0,MX,1585065714,74,30.48,-115.95,57.9,11.97
iqaluit,75,CA,1585065507,72,63.75,-68.51,12.2,20.8
bouca,100,CF,1585065716,44,6.51,18.27,89.76,4.5
bilma,44,NE,1585065718,6,18.69,12.92,105.24,10.85
colonial park,90,US,1585065719,61,40.3,-76.81,48.99,5.82
bossier city,90,US,1585065720,83,32.52,-93.73,73.99,9.17
sao jose da coroa grande,71,BR,1585065721,76,-8.9,-35.15,82.92,10.47
tabuk,92,PH,1585065722,71,17.42,121.44,76.08,6.42
siuna,19,NI,1585065723,83,13.73,-84.78,76.26,3.51
karauzyak,,,,,,,,
tual,99,ID,1585065725,73,-5.67,132.75,82.56,6.13
lompoc,90,US,1585065682,81,34.64,-120.46,54,4.7
huancavelica,18,PE,1585065727,68,-12.77,-74.98,44.22,8.48
yazd,90,IR,1585065728,53,31.9,54.37,51.8,4.7
nouakchott,61,MR,1585065689,21,18.09,-15.98,82.4,12.75
grand river south east,,,,,,,,
maniitsoq,100,GL,1585065731,93,65.42,-52.9,20.82,12.91
taonan,100,CN,1585065732,92,45.33,122.78,42.01,1.99
gaoua,100,BF,1585065733,36,10.3,-3.25,89.58,2.86
beyneu,0,KZ,1585065734,41,45.32,55.2,48.54,19.3
jalu,1,LY,1585065735,28,29.03,21.55,75.9,9.66
bambous virieux,75,MU,1585065736,78,-20.34,57.76,80.6,11.41
bukit bakri,,,,,,,,
alice springs,40,AU,1585065667,23,-23.7,133.88,75.2,13.87
karratha,0,AU,1585065739,71,-20.74,116.85,85.98,18.28
aguililla,0,MX,1585065740,27,18.73,-102.73,77.16,0.78
cortez,75,US,1585065602,86,37.35,-108.59,39.99,4.03
gornyy,79,RU,1585065667,93,55.12,83.91,6.06,7.4
verkhnyaya toyma,58,RU,1585065744,80,62.23,45,29.28,5.03
maroantsetra,83,MG,1585065745,97,-15.43,49.73,71.58,3.36
itai,10,BR,1585065746,67,-23.42,-49.09,74.46,10.69
tupik,100,RU,1585065747,91,54.43,119.93,21.9,14.14
savalou,100,BJ,1585065748,62,7.93,1.98,85.08,8.46
saldanha,7,ZA,1585065749,50,-33.01,17.94,75.2,13.87
port-gentil,75,GA,1585065751,100,-0.72,8.78,75.2,14.99
luganville,40,VU,1585065752,100,-15.53,167.17,73.4,2.24
burkhala,,,,,,,,
belushya guba,,,,,,,,
mahaicony,,,,,,,,
kautokeino,2,NO,1585065753,76,69.01,23.04,31.8,17.69
asau,91,RO,1585065755,32,46.43,26.4,39.2,13.87
biu,61,NG,1585065756,27,10.61,12.19,98.04,2.77
la asuncion,82,VE,1585065757,74,11.03,-63.86,84.2,18.34
linxi,43,CN,1585065758,50,39.7,118.43,52.86,2.64
batemans bay,100,AU,1585065759,91,-35.72,150.18,57,3.22
lukaya,20,UG,1585065760,69,-0.15,31.87,78.8,11.41
canutama,81,BR,1585065761,47,-6.53,-64.38,93.9,0.54
alyangula,99,AU,1585065763,94,-13.85,136.42,78.8,9.17
bundaberg,90,AU,1585065764,77,-24.85,152.35,70,5.82
okha,0,RU,1585065765,86,53.57,142.95,12.18,4.21
san patricio,5,MX,1585065766,78,19.22,-104.7,78.8,1.59
muzquiz,,,,,,,,
la rioja,20,ES,1585065767,48,42.25,-2.5,62.6,3.36
oltedal,75,NO,1585065768,65,58.83,6.05,45,26.4
dzhebariki-khaya,90,RU,1585065770,88,62.22,135.8,17.94,3.11
nabire,100,ID,1585065771,99,-3.37,135.48,73.2,0.31
nylstroom,,,,,,,,
mweka,5,CD,1585065772,38,-4.85,21.57,92.28,3.98
boende,100,CD,1585065773,92,-0.22,20.87,74.82,2.42
misratah,0,LY,1585065774,78,32.38,15.09,61.32,19.1
porto walter,33,BR,1585065704,57,-8.27,-72.74,87.42,3.65
rio tercero,0,AR,1585065777,34,-32.17,-64.11,86.52,11.95
el faiyum,,,,,,,,
saint-pierre,100,RE,1585065778,83,-21.34,55.48,77,24.16
tamale,100,GH,1585065511,44,9.4,-0.84,89.76,6.49
sayyan,3,YE,1585065780,42,15.17,44.32,67.08,14.61
isiro,45,CD,1585065781,58,2.77,27.62,82.56,3.76
huarmey,13,PE,1585065783,55,-10.07,-78.15,80.04,6.22
lewistown,75,US,1585065784,72,40.6,-77.57,46.99,5.82
santa cruz del sur,30,CU,1585065785,82,20.71,-78,75.72,10.29
porangatu,97,BR,1585065654,67,-13.44,-49.15,87.78,0.89
tazovskiy,62,RU,1585065787,89,67.47,78.7,22.98,15.46
byron bay,90,AU,1585065793,93,-28.65,153.62,68,4.7
sur,0,OM,1585065794,66,22.57,59.53,69.42,10.18
la union,34,PE,1585065795,52,-5.4,-80.75,82.74,6.73
kaitangata,94,NZ,1585065796,69,-46.28,169.85,51.01,1.01
sorvag,,,,,,,,
dondo,20,MZ,1585065798,58,-19.61,34.74,87.8,8.05
korla,100,CN,1585065799,47,41.76,86.15,40.98,6.93
durban,18,ZA,1585065800,74,-29.86,31.03,78.8,5.82
fort morgan,1,US,1585065654,56,40.25,-103.8,50,6.93
port moresby,100,PG,1585065802,87,-9.44,147.18,80.76,18.41
kushiro,100,JP,1585065805,68,42.98,144.37,29.28,7.09
strezhevoy,99,RU,1585065806,58,60.73,77.59,24.8,4.47
talara,6,PE,1585065807,100,-4.58,-81.27,62.6,14.99
codrington,0,AU,1585065808,70,-38.27,141.97,58.26,10.98
khonuu,,,,,,,,
saint augustine,40,US,1585065790,51,29.89,-81.31,82.99,9.17
koppal,75,IN,1585065811,27,15.35,76.15,89.22,9.73
vanavara,26,RU,1585065667,96,60.34,102.28,-2.76,4.72
smithers,90,CA,1585065586,100,54.78,-127.17,28.4,3.36
saint anthony,90,US,1585065814,93,45.02,-93.22,44.01,12.75
maine-soroa,4,NE,1585065815,9,13.21,12.02,103.98,1.3
kasongo-lunda,94,CD,1585065816,80,-6.47,16.82,81.12,2.17
altus,40,US,1585065817,72,34.64,-99.33,66.2,12.75
vitim,84,RU,1585065819,92,59.45,112.56,0.84,1.59
brae,100,GB,1585065820,81,60.4,-1.35,48.2,29.97
las margaritas,0,MX,1585065821,43,16.32,-91.98,70.5,3.8
macusani,9,PE,1585065822,59,-14.08,-70.43,47.64,7.34
yanan,,,,,,,,
dunedin,70,NZ,1585065648,70,-45.87,170.5,50,1.99
grindavik,75,IS,1585065825,74,63.84,-22.43,37.4,16.11
oranjestad,20,AW,1585065746,58,12.52,-70.03,86,23.04
manokwari,100,ID,1585065827,90,-0.87,134.08,73.2,3.85
talisay,20,PH,1585065828,69,10.24,123.85,82.4,9.17
namibe,20,AO,1585065829,78,-15.2,12.15,82.4,13.87
foz,0,ES,1585065830,18,43.57,-7.25,68,7
mackay,75,AU,1585065831,83,-21.15,149.2,77,12.75
marshfield,90,US,1585065825,80,44.67,-90.17,41,8.05
suzu,,,,,,,,
xuddur,98,SO,1585065834,42,4.12,43.89,88.68,6.51
yunjinghong,,,,,,,,
gornoye loo,75,RU,1585065835,81,43.71,39.6,50,4.47
minervino murge,40,IT,1585065611,56,41.08,16.08,46.99,8.05
pangnirtung,90,CA,1585065838,78,66.15,-65.71,14,5.82
vilani,25,LV,1585065839,47,56.55,26.92,36.84,9.26
atlantic city,40,US,1585065840,61,39.36,-74.42,50,8.05
pisco,75,PE,1585065841,30,-13.7,-76.22,73.99,6.93
kamenskoye,,,,,,,,
marshall,90,US,1585065842,82,34.38,-86.33,68,12.75
eldorado,0,BR,1585065843,50,-23.79,-54.28,79.5,7.45
bowen,75,AU,1585065845,83,-20.02,148.23,80.01,10.29
eureka,90,US,1585065564,87,40.8,-124.16,44.6,6.93
itarema,55,BR,1585065847,67,-2.92,-39.92,86.52,7.92
soyo,20,AO,1585065848,70,-6.13,12.37,89.6,8.05
iracoubo,17,GF,1585065849,77,5.48,-53.2,80.94,13.98
petropavlovsk-kamchatskiy,90,RU,1585065850,100,53.05,158.65,33.8,6.22
bakaly,100,RU,1585065852,84,55.18,53.8,33.78,16.11
tubuala,40,PA,1585065853,49,9.52,-79.03,89.6,8.05
mitu,85,CO,1585065854,55,1.2,-70.17,90.48,1.1
daokou,100,CN,1585065855,52,35.56,114.51,59.52,8.93
martil,75,MA,1585065856,100,35.62,-5.28,59,4.7
kemin,60,KG,1585065857,64,42.78,75.69,26.94,10.09
balimo,,,,,,,,
pangkalanbuun,7,ID,1585065801,92,-2.68,111.62,76.08,1.14
lolua,,,,,,,,
tonj,16,SS,1585065860,6,7.27,28.68,105.06,6.8
ambon,20,ID,1585065646,88,-3.7,128.18,77,5.82
union city,90,US,1585065862,66,37.6,-122.02,54,8.05
ambulu,100,ID,1585065864,76,-8.35,113.61,82.38,7.27
ulaangom,89,MN,1585065865,62,49.98,92.07,14.7,9.53
mareeba,75,AU,1585065866,83,-17,145.43,77,10.29
guiyang,20,CN,1585065634,72,26.58,106.72,66.2,13.42
lundazi,7,ZM,1585065668,88,-12.29,33.18,72.84,7.34
carauari,68,BR,1585065869,50,-4.88,-66.9,93.36,0.92
kuche,,,,,,,,
beloha,3,MG,1585065871,60,-25.17,45.05,81.12,16.71
ayan,100,RU,1585065872,90,56.45,138.17,17.4,2.91
acarau,55,BR,1585065851,67,-2.89,-40.12,86.52,7.92
aberlour,,,,,,,,
danshui,100,CN,1585065874,78,22.8,114.47,73,11.18
hope,90,US,1585065694,89,33.67,-93.59,70,6.93
xichang,100,CN,1585065877,52,27.9,102.26,46.2,0.18
flinders,100,AU,1585065878,100,-34.58,150.86,68,14.29
blyth,100,GB,1585065879,58,55.13,-1.51,60.01,8.05
gasa,20,PS,1585065880,77,31.5,34.47,66,8.05
chenghai,75,CN,1585065881,72,23.46,116.77,68,8.95
kalabo,52,ZM,1585065882,57,-14.97,22.68,80.94,6.13
olavarria,0,AR,1585065824,54,-36.89,-60.32,82.99,1.01
camocim,14,BR,1585065885,72,-2.9,-40.84,85.62,6.08
baykit,100,RU,1585065886,95,61.67,96.37,4.62,4.18
rostovka,22,RU,1585065887,92,55.38,71.89,17.04,7.14
longlac,,,,,,,,
garango,94,BF,1585065888,22,11.8,-0.55,100.2,12.73
adrar,0,MR,1585065889,15,20.5,-10.07,78.24,14.41
ulverstone,4,AU,1585065891,86,-41.15,146.17,51.01,6.85
bac can,,,,,,,,
bud,90,US,1585065892,75,39.45,-86.18,48,8.05
college,90,US,1585065893,74,64.86,-147.8,37.4,10.29
kumluca,100,TR,1585065894,62,36.37,30.29,59.16,2.82
kahului,1,US,1585065898,64,20.89,-156.47,69.8,16.11
kaseda,9,JP,1585065899,74,31.42,130.32,53.94,3.71
lashio,0,MM,1585065900,51,22.93,97.75,62.76,1.5
eidfjord,100,NO,1585065901,90,60.47,7.07,32.7,5.95
ilhabela,2,BR,1585065864,70,-23.78,-45.36,76.08,12.08
jahrom,,,,,,,,
ixtapa,5,MX,1585065904,83,20.7,-105.2,77,2.24
shache,97,CN,1585065905,19,38.42,77.24,60.06,7.09
bandarbeyla,100,SO,1585065906,78,9.49,50.81,83.1,13.38
ust-kuyga,100,RU,1585065907,96,70.02,135.6,-1.32,5.08
uruzgan,36,AF,1585065908,69,32.83,66,45.3,4.16
hellin,90,ES,1585065910,87,38.51,-1.7,48.2,16.11
ahuimanu,20,US,1585065912,57,21.44,-157.84,75.2,17.22
salinopolis,0,BR,1585065913,73,-0.61,-47.36,82.2,4.5
el campo,75,US,1585065914,61,29.2,-96.27,81,14.99
narsaq,20,GL,1585065915,41,60.92,-46.05,24.8,8.05
suarez,24,CO,1585065916,73,2.95,-76.7,73.92,3.27
balikpapan,40,ID,1585065832,94,-1.27,116.83,80.6,4.7
raudeberg,75,NO,1585065919,75,61.99,5.14,48.2,33.33
batagay-alyta,100,RU,1585065920,96,67.8,130.41,-7.8,7.25
frederick,90,US,1585065921,75,39.47,-77.4,48.99,5.82
north platte,1,US,1585065711,54,41.12,-100.77,55.99,8.05
rawannawi,,,,,,,,
esso,93,RU,1585065923,97,55.93,158.7,25.32,5.23
beringovskiy,100,RU,1585065924,92,63.05,179.32,25.68,5.59
sangin,0,AF,1585065926,44,32.07,64.84,58.98,4.54
labuhan,100,ID,1585065927,87,-6.88,112.21,77.34,0.22
rocha,0,UY,1585065928,50,-34.48,-54.33,81.84,12.64
yumen,100,CN,1585065930,23,40.28,97.2,40.98,16.93
jumla,41,NP,1585065931,87,29.27,82.18,40.98,4.09
rosetta,2,EG,1585065932,63,31.4,30.42,64.4,12.75
little current,1,CA,1585065780,74,45.98,-81.92,39.99,4.7
sibu,75,MY,1585065785,94,2.3,111.82,78.8,2.33
port lincoln,0,AU,1585065936,76,-34.73,135.87,60.24,12.5
ascension,40,US,1585065937,74,30.22,-90.9,81,9.17
payakumbuh,100,ID,1585065938,96,-0.22,100.63,68.7,0.43
luanda,20,AO,1585065700,59,-8.84,13.23,89.6,12.75
gagarin,0,RU,1585065941,45,55.55,35,32.88,7.25
tornio,100,FI,1585065942,80,65.85,24.15,35.6,20.8
pilar,75,BR,1585065651,66,-9.6,-35.96,89.6,4.7
grand gaube,75,MU,1585065944,78,-20.01,57.66,80.6,11.41
tezu,79,IN,1585065945,78,27.92,96.17,64.74,4.36
tres arroyos,1,AR,1585065799,29,-38.37,-60.28,85.44,12.19
royan,0,FR,1585065948,45,45.63,-1.03,66,9.17
basco,0,PH,1585065949,80,20.45,121.97,78.78,9.62
ostashkov,40,RU,1585065950,47,57.15,33.11,33.96,5.21
lahaina,1,US,1585065725,64,20.88,-156.68,69.8,16.11
araucaria,40,BR,1585065952,64,-25.59,-49.41,79,11.41
kloulklubed,90,PW,1585065953,88,7.04,134.26,77,8.05
nagram,75,IN,1585065954,65,26.62,81.13,78.8,6.06
komsomolskiy,100,UZ,1585065956,58,40.43,71.72,55.4,11.41
khormuj,,,,,,,,
pochutla,5,MX,1585065957,55,15.74,-96.47,90,3.51
talnakh,75,RU,1585065958,85,69.49,88.4,15.8,17.9
coahuayana,5,MX,1585065959,54,18.73,-103.68,78.8,3.94
vila franca do campo,75,PT,1585065960,77,37.72,-25.43,62.6,16.11
achisay,,,,,,,,
devli,96,IN,1585065962,36,25.75,75.38,79.32,7.38
harindanga,20,IN,1585065963,69,22.04,88.32,77,6.31
ambatofinandrahana,0,MG,1585065965,89,-20.55,46.8,64.74,5.3
sheregesh,22,RU,1585065966,91,52.92,87.99,3.72,2.13
abiy adi,,,,,,,,
rorvik,75,NO,1585065968,93,64.86,11.24,41,23.04
kalianget,11,ID,1585065969,69,-7.05,113.93,82.38,1.45
kirakira,100,SB,1585065970,85,-10.45,161.92,77.7,6.73
kaeo,10,NZ,1585065971,91,-35.1,173.78,53.01,5.01
duekoue,100,CI,1585065972,35,6.75,-7.35,95.88,2.06
tidore,,,,,,,,
ahipara,8,NZ,1585065974,68,-35.17,173.17,63.3,13.89
saint george,0,US,1585065976,75,37.1,-113.58,50,8.05
los alamos,1,US,1585065977,52,35.89,-106.31,46,3.36
gumdag,100,TM,1585065978,51,39.21,54.59,57.18,11.21
dhidhdhoo,0,MV,1585065979,65,6.88,73.1,84.18,1.43
cabo san lucas,5,MX,1585065785,43,22.89,-109.91,78.01,3.36
egvekinot,99,RU,1585065981,95,66.32,-179.17,16.86,3.44
sulangan,0,PH,1585065983,76,11.14,123.72,81.66,13.06
opobo,,,,,,,,
srivardhan,0,IN,1585065984,84,18.03,73.02,77.34,1.43
cape coast,100,GH,1585065985,80,5.11,-1.25,80.4,16.2
rungata,,,,,,,,
mildura,90,AU,1585065987,55,-34.2,142.15,60.8,6.49
hamilton,1,US,1585065988,66,39.18,-84.53,50,8.05
nantucket,90,US,1585065993,86,41.28,-70.1,42.01,19.46
levin,0,NZ,1585065994,95,-40.63,175.28,48.99,2.82
solok,100,ID,1585065996,96,-0.79,100.66,70.32,3.65
najran,5,SA,1585065997,26,17.49,44.13,78.8,9.17
urazovo,0,RU,1585065998,57,50.08,38.04,33.06,8.84
prince rupert,1,CA,1585065781,60,54.32,-130.32,32,4.7
bathsheba,40,BB,1585066000,62,13.22,-59.52,84.2,20.8
hovd,100,MN,1585066001,61,48.01,91.64,13.08,6.24
toftir,,,,,,,,
port keats,100,AU,1585066003,88,-14.25,129.55,78.42,13.38
antofagasta,20,CL,1585065942,72,-23.65,-70.4,72,9.17
kumla,100,SE,1585066005,29,59.13,15.14,48.2,16.11
zhovtneve,0,UA,1585066006,39,50.66,24.25,36.3,10.98
marsa matruh,75,EG,1585066007,67,31.35,27.25,62.6,9.17
malakal,0,SS,1585066008,4,9.53,31.66,105.78,7.7
warangal,72,IN,1585066010,30,18,79.58,88.86,1.28
marion,90,US,1585065829,75,39.77,-86.16,48,8.05
alcantara,75,BR,1585066012,70,-2.41,-44.41,86,10.29
kruisfontein,10,ZA,1585066013,64,-34,24.73,68.52,8.57
karaidel,100,RU,1585066015,94,55.83,56.91,33.78,4.72
buin,0,CL,1585066016,24,-33.73,-70.75,78.8,3.36
broken hill,90,AU,1585066017,42,-31.95,141.43,62.6,10.29
eydhafushi,71,MV,1585066018,70,5.1,73.07,83.64,6.8
frankfort,32,ZA,1585066019,25,-27.27,28.48,78.96,8.97
wilmington,90,US,1585065953,93,34.23,-77.94,61,8.05
oktyabrskoye,90,RU,1585066021,100,43.06,44.74,42.8,6.71
jiuquan,100,CN,1585066023,48,39.74,98.52,38.82,4.76
berlevag,40,NO,1585066024,80,70.86,29.09,37.4,29.97
nha trang,20,VN,1585066025,78,12.25,109.18,82.4,3.36
henties bay,4,NA,1585066026,89,-22.12,14.28,63,5.01
xicotencatl,38,MX,1585066027,59,23.02,-98.88,82,11.01
pedernales,40,DO,1585066028,62,18.04,-71.74,84.2,13.87
sucua,75,EC,1585066030,83,-2.47,-78.17,69.8,1.12
anadyr,71,RU,1585066031,86,64.75,177.48,26.6,6.71
bemidji,90,US,1585065781,93,47.47,-94.88,36,14.99
hallingby,,,,,,,,
eravur,0,LK,1585066033,75,7.77,81.61,79.86,7.96
san cristobal,75,VE,1585065937,74,7.77,-72.22,80.6,4.7
totness,19,SR,1585066036,72,5.88,-56.32,80.94,13.47
san antonio,75,US,1585066020,78,29.42,-98.49,75.99,3.36
nipawin,90,CA,1585066038,92,53.37,-104,23,19.46
athabasca,100,CA,1585066039,94,54.72,-113.29,9.3,9.6
urulga,,,,,,,,
saint-augustin,100,CA,1585066040,94,51.23,-58.65,27.48,22.62
paita,62,PE,1585066042,100,-5.09,-81.11,62.6,14.99
my tho,20,VN,1585066043,83,10.35,106.35,80.6,11.41
hengelo,90,NL,1585065755,20,52.27,6.79,53.01,12.75
pangoa,74,PE,1585066045,61,-12.12,-73,83.82,1.97
reefton,,,,,,,,
sa kaeo,0,TH,1585066047,70,13.81,102.07,81.66,1.86
